Shop on eBay,$20.00
[Near Mint] Nikon D700 12.1MP Digital SLR Camera w/ Charger Low Shutter Count,$404.99
nikon d700 body only 12.1 mp,$339.00
Nikon D700 12.1 MP Digital SLR Camera with lots of extras (batteries/cards/etc.),$197.50
Nikon D700 12.1MP Digital SLR Camera Body Full Frame FX,$279.00
Nikon D700 Digital SLR Camera W/ 70-300 lens,$105.50
Nikon D700 FX DSLR Camera Body-Only Extras Full-Frame Count=32929,$157.50
"Nikon D700 DSLR Camera Body - With Extras - LOW SHUTTER COUNT 17,349",$212.50
Nikon D700 12.1MP Digital SLR Camera Body #554,$226.70
Nikon D700 FX camera body ,$152.43
Nikon D700 12.1MP Digital SLR Camera Body #336,$302.26
"""AS IS"" Nikon D700 DSLR Body Only w/ Battery & Charger - HIGH COUNT (1254)",$199.99
New ListingNIKON D700 12.1MP Digital SLR Camera (body only),$23.49
"Nikon D700 Full Frame DSLR Camera w/ 2 Batteries, Charger, Memory Cards & Reader",$350.00
Nikon D700 12.1MP Professional D-SLR Body w/Nikon AF 50mm Lens NO CHARGER,$244.12
Nikon D700 12.1MP Digital SLR Camera - Black Body and Grip,$305.00
Nikon D700 12.1MP DSLR Camera Body with AF Nikkor 50mm,$399.99
"Nikon D700 Body with Batterry, CF Memory Card, Charger, and Bag (26,235 Shutter)",$359.99
New ListingOLYMPIC COMPACT DIGITAL CAMERA D-700 12MP - 4X WIDE ZOOM,$15.97
Nikon D700 FX DSLR Camera (Body Only) 2485306 * Fair,$279.00
NIKON D700 DIGITAL CAMERA SLR 3'' LCD - BODY ONLY,$245.85
NIKON D700 Digital Camera Body Only; Charger w/3 Batteries; Compact Flash Media,$425.00
Nikon D700 12.1MP Digital SLR Camera Body [Parts/Repair] #515,$149.79
Nikon D700 w/28-105 f3.5-4.5 D lens,$600.00
Nikon D700 12.1 MP Full Frame FX Digital SLR Camera 4742 SHUTTER COUNT & EXTRAS,$699.99
[Exc+5] Nikon D700 12.1MP Digital SLR FX Camera  From JAPAN,$347.99
"Nikon D700 12.1 MP Digital SLR Camera Body Shutter Count: 114,703 #T87085",$322.99
"Nikon D700 Digital SLR Camera Body 12.1MP - Shutter Count ≤ 109,700",$355.52
Nikon D700 12.1MP Digital SLR Camera Body [Parts/Repair] #397,$150.62
Near Mint shotto 37000 Nikon D700 12.1 MP Digital SLR Camera Body Black,$349.99
［Count 9137］Nikon D700 12.1MP Digital SLR Camera Body ｗ/Cap Battery Strap Box,$429.90
Wasabi Power Battery Grip for Canon BG-E8H and Canon EOS 550D/600D/650D/700D,$39.99
Nikon D700 12.1MP Fx Digital SLR Camera - Black. With Nikkor 50mm F1.8 Lens.,$450.00
NIKON D700 DSLR FULL FRAME CAMERA WITH NIKKOR LENS BATTERY GRIP  & 4GB CF,$465.90
Nikon D700 Box & Packaging ONLY.. NO CAMERA,$79.99
USED Nikon D700 DSLR Body,$428.00
Nikon D700 12.1MP Digital SLR Camera Body [Parts/Repair] #796,$172.23
Nikon D700 SLR Digital Camera with MB-D10 Battery Pack -MT 82-,$478.20
Nikon D700 12.1MP Digital SLR Camera SC25930 Excellent +5 From Japan #D842,$408.99
OLYMPUS D-700 12MP Digital Camera - Black ,$39.00
Near Mint Nikon D700 Nikon + AF-S Nikkor 24-120mm 3.5-5.6 G VR ED Zoom Lens,$724.00
Copied - Nikon D700 12.1MP Digital SLR Camera - Black (Body Only) #1582,$372.68
USED Nikon D700 DSLR Body,$419.00
Nikon D700 12.1MP Digital SLR Camera - Black (Body Only),$399.99
Nikon D700 12.1 MP DSLR Full Frame Camera [Excellent++] From Japan,$410.00
Nikon D700 12.1MP Digital SLR FX Full Frame Camera Body Black 25444,$431.92
Olympus D-700 12MP Digital Camera - 4x optical zoom - untested No Charger,$19.50
"NIKON D700 Camera Body ONLY, For Parts/ Repair",$210.00
Nikon D700 12.1 MP Digital SLR Camera with battery w/ Box From Japan [N.Mint] ,$494.99
NIKON D700 50MM CAMERA,$524.99
Nikon D700 Digital SLR Camera Body {12.1 M/P} with new batteries and charger ,$319.00
Nikon D700 12.1MP Digital SLR Camera Body-As Is,$600.00
Nikon D700 12.1MP Digital SLR Camera - Black (w/ AF-S IF VR ED G 70-300mm),$500.00
Nikon D700 12.1MP Digital SLR Camera - Black (Body Only),$650.00
[15836 shots MINT+ in Box] Nikon D700 12.1MP Digital SLR FX from Japan C438,$539.99
"Nikon D700 with Battery Grip, Original Box, CF Cards, Batteries, Charger",$399.95
"Nikon D700 camera 83K Clicks, Strap, Battery and 64MB CF Card",$455.00
"Nikon D700 12.1MP Digital SLR Camera w/ Charger,Battery Low Shutter Count",$410.00
Near Mint in Box NIKON D700 Digital Camera Low Shot 254XX from JAPAN #DC14,$535.99
VANBAR 4K WiFi Wildlife Camera 48MP Bluetooth,$135.21
 HD 1080P 33MP 3 in LCD 24X ZOOM LED Digital  Camera Photo Camcorder,$210.00
